Keyword,Trạng thái,Search Intent,Macro Context,Semantic Query Network,Top 10 Đối thủ,Content Gaps,EAV Table,PAA Questions,FS/PAA Map,Smart N-Grams,Context Vectors & Guidelines,Structure Outline,Internal Links,Source Context Alignment,Koray Quality Score,Full Content Brief
đầu tư hàng hóa,✅ Done,transactional,"- **Central Entity**: đầu tư hàng hóa
- **Macro Context**: Đầu tư hàng hóa trong lĩnh vực tài chính và giao dịch hàng hóa phái sinh tại Việt Nam.
- **Search Intent Type**: Informational
- **Intent Subtype**: Guide
- **Nguoi dung muc tieu**: Nhà đầu tư cá nhân và doanh nghiệp tìm kiếm thông tin về các chiến lược và cơ hội đầu tư hàng hóa.","đầu tư hàng hóa là gì, đầu tư hàng hóa phái sinh là gì, đầu tư hàng hóa la gì, cách đầu tư hàng hóa, cách đầu tư hàng hóa phái sinh, học đầu tư hàng hóa phái sinh, kênh đầu tư hàng hóa, kênh đầu tư hàng hóa phái sinh, kênh đầu tư hàng hóa của bộ công thương","https://giacatloi.vn/hoc-dau-tu-hang-hoa-cho-nguoi-moi-bat-dau/
https://dautuhanghoa.vn/
https://hct.vn/kien-thuc-dau-tu/dau-tu-hang-hoa-la-gi-uu-diem-vuot-troi-tren-moi-kenh-dau-tu-1825
https://vmex.vn/dau-tu-hang-hoa/
https://hanghoa.anfin.vn/blog/dau-tu-hang-hoa-hay-chung-khoan/
https://blog.fireant.vn/post/commodity-dau-tu-hang-hoa
https://giacatloi.vn/hang-hoa-phai-sinh/
https://saigonfutures.com/hang-hoa-phai-sinh/
https://dautuhanghoa.vn/kinh-nghiem-dau-tu-hang-hoa/","Chiến lược đầu tư dài hạn trong hàng hóa
Tác động của biến đổi khí hậu đến giá hàng hóa
Cách phân tích kỹ thuật trong đầu tư hàng hóa
Rủi ro pháp lý trong đầu tư hàng hóa
Tâm lý đầu tư trong thị trường hàng hóa","| Entity | Attribute | Value |
|---|---|---|
| đầu tư hàng hóa | Định nghĩa | Đầu tư hàng hóa là việc mua và nắm giữ các loại hàng hóa như nông sản, kim loại, năng lượng với mục đích sinh lời. |
| đầu tư hàng hóa | Phân loại | Có 4 loại chính: nông sản, nguyên liệu công nghiệp, kim loại, năng lượng. |
| đầu tư hàng hóa | Thuộc tính cốt lõi | Tính thanh khoản, biến động giá, và rủi ro thị trường. |
| đầu tư hàng hóa | Bối cảnh áp dụng | Áp dụng trong các chiến lược đầu tư dài hạn và ngắn hạn, cũng như trong các giải pháp phòng hộ rủi ro giá. |
| đầu tư hàng hóa | Cần lấy từ PAA, SERP | Các câu hỏi thường gặp liên quan đến đầu tư hàng hóa. |
| đầu tư hàng hóa | Cần xác minh từ dữ liệu đầu vào hiện tại | Các số liệu thống kê về lợi nhuận từ đầu tư hàng hóa trong 5 năm qua. |","Đầu tư hàng hóa phái sinh là gì?
Các nhóm hàng hóa phái sinh nào thường được giao dịch?
Cách thức hoạt động của thị trường hàng hóa phái sinh là gì?
Khi nào là thời điểm tốt nhất để bắt đầu đầu tư hàng hóa phái sinh?
Những rủi ro nào cần lưu ý khi đầu tư vào hàng hóa phái sinh?
Chiến lược đầu tư dài hạn trong hàng hóa phái sinh là gì?","| PAA Question | Vi tri (H2/H3) | Format | FS Block (<=40 tu) |
|---|---|---|---|
| đầu tư hàng hóa là gì? | H3: Định nghĩa về đầu tư hàng hóa |  |  |
| đầu tư hàng hóa cần được hiểu theo bối cảnh nào? | H3: Đầu tư hàng hóa cần được hiểu theo bối cảnh nào? |  |  |
| Người đọc cần kiểm chứng điều gì về đầu tư hàng hóa? | H3: Rủi ro pháp lý trong lĩnh vực đầu tư hàng hóa |  |  |","đầu tư (9)
nhà đầu (9)
hàng hóa (9)
phái sinh (9)
giao dịch (9)",Start with definitions of key concepts before exploring attributes and mechanisms | Follow with practical guidance for account setup and trading strategies | Conclude with risk assessment and self-evaluation sections,"H1: Đầu Tư Hàng Hóa
H2: [MAIN] [Đầu tư hàng hóa] Chiến lược đầu tư dài hạn hiệu quả trong lĩnh vực hàng hóa là gì?
H3: Các chiến lược đầu tư dài hạn thành công
H3: Phân tích và dự đoán thị trường hàng hóa
H3: Chiến lược nào phù hợp cho đầu tư hàng hóa dài hạn?
H2: [MAIN] [Đầu tư hàng hóa] Đầu tư hàng hóa là gì? Phân loại và tầm quan trọng trong thị trường tài chính
H3: Định nghĩa về đầu tư hàng hóa
H3: Phạm vi và lĩnh vực đầu tư hàng hóa
H3: Đầu tư hàng hóa cần được hiểu theo bối cảnh nào?
H2: [MAIN] [Đầu tư hàng hóa] Vốn cần thiết để giao dịch hàng hóa phái sinh là bao nhiêu? Các yếu tố ảnh hưởng
H3: Yêu cầu về vốn tối thiểu để bắt đầu
H3: Vai trò của đòn bẩy trong giao dịch hàng hóa phái sinh
H3: Có thể giao dịch hàng hóa phái sinh với số vốn nhỏ không?
H2: [MAIN] đầu tư hàng hóa duoc phan loai theo nhung nhom nao
H3: Cần bao nhiêu vốn để giao dịch hàng hóa phái sinh: Đối với giao dịch phái sinh hàng hóa, các giao dịch dạng này trong thực tế có đòn bẩy, tuy nhiên không giống các thị trường khác, khách hàng không được yêu cầu phải trả chi phí vay với việc nắm giữ vị thế qua đêm hay vay để dùng một số tiền nhỏ giao dịch một số tiền lớn hơn.
H2: [MAIN] [Đầu tư hàng hóa] Tác động của biến đổi khí hậu đến giá hàng hóa: Những điều cần biết
H3: Ảnh hưởng của thời tiết và khí hậu đến sản xuất hàng hóa
H3: Chiến lược ứng phó với biến đổi khí hậu trong đầu tư hàng hóa
H3: Biến đổi khí hậu có ảnh hưởng đến giá hàng hóa không?
H2: [SUPP] [Đầu tư hàng hóa] Rủi ro và lưu ý quan trọng khi đầu tư hàng hóa phái sinh
H3: Rủi ro pháp lý trong lĩnh vực đầu tư hàng hóa
H3: Tâm lý đầu tư và ảnh hưởng đến quyết định trong thị trường hàng hóa
H3: Rủi ro và lưu ý nào cần được xem xét khi đầu tư hàng hóa phái sinh?
H2: [SUPP] Những sai lầm phổ biến khi chọn đầu tư hàng hóa
H2: [SUPP] [Đầu tư hàng hóa] Câu hỏi thường gặp liên quan đến đầu tư hàng hóa phái sinh
H3: Đầu tư hàng hóa phái sinh có an toàn không và tại sao?
H3: Cách bắt đầu đầu tư hàng hóa một cách hiệu quả?
H3: Người đọc cần kiểm chứng điều gì về đầu tư hàng hóa?","Node: Thi quỹ hàng hóa là gì (thi quỹ hàng hóa là gì)
Node: Thi quỹ hàng hóa nên bắt đầu với vốn bao nhiêu (thi quỹ hàng hóa nên bắt đầu với vốn bao nhiêu)
Node: Cách tham gia thi quỹ hàng hóa (cách tham gia thi quỹ hàng hóa)
Node: Phí giao dịch hàng hóa phái sinh (phí giao dịch hàng hóa phái sinh)
Node: Lịch giao dịch hàng hóa phái sinh (lịch giao dịch hàng hóa phái sinh)","## 🎯 SOURCE CONTEXT ALIGNMENT CHECKLIST

✅ **Topical Scope**: SACT, Tư vấn đầu tư & môi giới giao dịch hàng hóa phái sinh (theo hệ sinh thái MXV), bao gồm tư vấn chiến lược giao dịch và giải pháp phòng hộ rủi ro giá cho nhà đầu tư và doanh nghiệp., Tư vấn đầu tư hàng hóa phái sinh (xây dựng chiến lược, hỗ trợ điểm vào, Tư vấn phòng hộ giá cho doanh nghiệp (hedging), Ủy thác đầu tư, quản lý tài khoản theo chiến lược (báo cáo định kỳ
✅ **Topical Border**: SACT, Tư vấn đầu tư & môi giới giao dịch hàng hóa phái sinh (theo hệ sinh thái MXV), bao gồm tư vấn chiến lược giao dịch và giải pháp phòng hộ rủi ro giá cho nhà đầu tư và doanh nghiệp.
✅ **Brand mention**: 'SACT' có xuất hiện trong brief
✅ **GEO Keywords**: Tìm thấy (giao dịch hàng hóa phái sinh Hà Nội,  mở tài khoản hàng hóa phái sinh Hoàng Mai,  giao dịch hàng hóa phái sinh Định Công)
✅ **Supplement Section**: Có [SUPP] heading
✅ **NAP Hotline**: Có tìm thấy hotline '024 7304 6968, 086 5450 045, (094) 543 5430.' trong brief
✅ **Competitor Brand Rule**: Không vi phạm

**Điểm Alignment: 4/4** (Tốt)","## 📊 KORAY QUALITY SCORE: **63/100** (Grade C)

| Tiêu chí | Điểm |
|----------|------|
| ❌ 1. Contextual Vector | 3/10 |
| ✅ 2. Contextual Hierarchy (H3) | 10/10 |
| ⚠️ 3. FS Blocks (≤40 từ) | 7/10 |
| ✅ 4. PAA Mapping | 10/10 |
| ✅ 5. Main/Supp Split | 10/10 |
| ❌ 6. EAV Coverage | 3/10 |
| ✅ 7. Source Context Alignment | 10/10 |
| ✅ 8. Internal Link Logic | 10/10 |
| ⚠️ 9. Sapo Quality | 5/10 |
| ✅ 10. Attribute Filtration (H2 count) | 10/10 |

### ❌ Các vấn đề phát hiện:
- ⚠️ Koray G4 VIOLATION: 1 Heading Harmony mixing (Question ↔ Noun phrase) — gây Contextual Dilution. Nên giữ 1 pattern cho cùng level.
- ⚠️ Heading có topical alignment nhưng vẫn thiếu specificity rõ ràng.
- ⚠️ Chỉ 6/8 H2 có FS snippet đủ ngắn và có nghĩa.
- ⚠️ Có 1 FS snippet khá dài (> 40 từ). Cân nhắc rút gọn để tối ưu Featured Snippet.
- Anchor reuse overload: 79% H3 anchor bi lap lai.
- Chi co 1 dong EAV da verify (can >=3).
- ⚠️ SAPO keyword stuffing: 17% (24 từ khóa trong 141 từ). Giới hạn ≤15%.
- ⚠️ SAPO không chứa giá trị EAV cụ thể (%, VND, MPa, mm). Nên trích xuất key values từ EAV Table.
- ⚠️ PROMINENCE PENALTY: -5 điểm (1 H2 từ Rare Headings không có PAA support).","# FULL CONTENT BRIEF: Đầu Tư Hàng Hóa | Hướng Dẫn Chi Tiết [2026]

*Seed keyword: đầu tư hàng hóa*

## 1. Search Intent sâu thẳm của người dùng là gì
Người đọc cần hiểu rõ đầu tư hàng hóa, các nhóm chính, cách hoạt động, lợi ích và rủi ro trước khi đi sâu vào các điều kiện hỗ trợ như chi phí, tiêu chí lựa chọn hoặc công cụ triển khai. Các nhu cầu phụ cần được giải quyết gồm: Nắm định nghĩa và phạm vi của thực thể trung tâm; Hiểu các hình thức hoặc nhóm chính trong chủ đề; Hiểu cách hoạt động và cơ chế áp dụng trong thực tế; Biết rủi ro, điều kiện tham gia và yếu tố cần chuẩn bị; Áp dụng thông tin đúng vào ngữ cảnh thực tế. Các điểm khiến người đọc chưa thể ra quyết định ngay gồm: Người đọc chưa rõ chủ đề chính khác gì với các khái niệm gần nghĩa; Người đọc chưa hình dung các nhóm chính và tình huống áp dụng thực tế; Người đọc chưa biết khi nào các điều kiện phụ mới thực sự quan trọng; Người đọc dễ nhầm chủ đề với khái niệm gần nghĩa. Luồng trả lời nên đi theo thứ tự: definition -> condition -> attribute -> classification -> decision -> risk -> faq.

## 2. Nhiệm vụ của bài viết
Bài viết phải hoàn thành user task chính là: Người đọc cần hiểu rõ đầu tư hàng hóa, các nhóm chính, cách hoạt động, lợi ích và rủi ro trước khi đi sâu vào các điều kiện hỗ trợ như chi phí, tiêu chí lựa chọn hoặc công cụ triển khai. Thứ tự triển khai nên bám flow: definition -> condition -> attribute -> classification -> decision -> risk -> faq. Mỗi H2 cần tháo gỡ ít nhất một decision blocker thay vì lặp lại định nghĩa gốc.

## 3. Khóa Vector Ngữ Cảnh (Contextual Vector Lock)
Giữ trọng tâm bài viết ở thực thể [đầu tư hàng hóa] trong ngữ cảnh [Tư vấn đầu tư & môi giới giao dịch hàng hóa phái sinh (theo hệ sinh thái MXV), bao gồm tư vấn chiến lược giao dịch và giải pháp phòng hộ rủi ro giá cho nhà đầu tư và doanh nghiệp.] . Ưu tiên dùng biến thể ngữ nghĩa như hàng hóa, đầu tư hàng, hóa phái sinh, hàng hóa phái để giảm lặp exact-match.

## 4. Chiến lược lấp đầy lỗ hổng (Information Gain Mapping)
C
...(Xem full trong file MD)"
đầu tư bạc thỏi,✅ Done,transactional,"- **Central Entity**: đầu tư bạc thỏi
- **Macro Context**: Đầu tư bạc thỏi trong lĩnh vực tài chính và hàng hóa phái sinh tại Việt Nam.
- **Search Intent Type**: Informational
- **Intent Subtype**: What-is
- **Nguoi dung muc tieu**: Nhà đầu tư cá nhân và doanh nghiệp tìm hiểu về lợi ích và cách thức đầu tư vào bạc thỏi.","cách đầu tư bạc thỏi, có nên đầu tư bạc thỏi, có nên đầu tư bạc thỏi không, mua bạc thỏi, mua bạc thỏi đầu tư, mua bạc thỏi ở đâu, giá bạc thỏi, giá đầu bạc","https://vietnamnet.vn/dau-tu-bac-dang-sieu-loi-mua-bac-theo-nhu-the-nao-de-it-rui-ro-2482453.html
https://vnexpress.net/nhieu-nguoi-dan-tim-den-kenh-dau-tu-bac-mieng-bac-thoi-trong-boi-canh-vang-khan-hiem-va-gia-len-qua-nhanh-4876373.html
https://topi.vn/bac-mieng-va-bac-thoi.html
https://hanagold.vn/huong-dan-toan-dien-ve-cach-dau-tu-bac-o-viet-nam?srsltid=AfmBOooonzTX_88YXGCN-_JigIGW7kVzKhCpY7CASD5DnGFBA54WDqmD
https://nhandan.vn/can-trong-voi-trend-dau-tu-bac-mieng-post890660.html
https://www.dnse.com.vn/hoc/bac-mieng-va-bac-thoi-co-su-khac-biet-gi-huong-dan-phan-biet-chi-tiet
https://www.dnse.com.vn/hoc/loi-ich-va-rui-ro-khi-dau-tu-bac","Chiến lược đầu tư bạc thỏi cho nhà đầu tư mới
So sánh lợi ích bạc thỏi và các loại tài sản khác
Cách xác định giá trị bạc thỏi
Tác động của thị trường toàn cầu đến giá bạc thỏi
Hướng dẫn bảo quản bạc thỏi","| Entity | Attribute | Value |
|---|---|---|
| đầu tư bạc thỏi | Định nghĩa | Đầu tư bạc thỏi là việc mua và nắm giữ bạc dưới dạng thỏi để bảo toàn giá trị tài sản và đầu tư sinh lời. |
| đầu tư bạc thỏi | Phân loại | Bạc thỏi có thể được phân loại thành bạc nguyên chất và bạc hợp kim. |
| đầu tư bạc thỏi | Thuộc tính cốt lõi | Bạc thỏi có độ tinh khiết cao từ 99.9% trở lên. |
| đầu tư bạc thỏi | Bối cảnh áp dụng | Đầu tư bạc thỏi thường được áp dụng trong bối cảnh phòng ngừa lạm phát và bảo vệ tài sản. |
| đầu tư bạc thỏi | Giá trị thị trường | Giá bạc thỏi thường dao động từ 1.000.000 VNĐ đến 1.500.000 VNĐ mỗi kg. |
| đầu tư bạc thỏi | Rủi ro đầu tư | Rủi ro liên quan đến biến động giá bạc và chi phí lưu trữ. |","Đầu tư bạc thỏi là gì?
Các loại bạc thỏi phổ biến và đặc điểm của chúng là gì?
Cách thức đầu tư bạc thỏi hoạt động như thế nào?
Khi nào nên xem xét đầu tư vào bạc thỏi?
Những rủi ro và lợi ích khi đầu tư bạc thỏi là gì?","| PAA Question | Vi tri (H2/H3) | Format | FS Block (<=40 tu) |
|---|---|---|---|
| đầu tư bạc thỏi là gì? | H3: Đầu tư bạc thỏi là gì? |  |  |
| đầu tư bạc thỏi cần được hiểu theo bối cảnh nào? | H3: Đầu tư bạc thỏi cần được hiểu theo bối cảnh nào? |  |  |
| Người đọc cần kiềm chứng điều gì về đầu tư bạc thỏi? | H2: [SUPP] Những lợi ích và rủi ro trong đầu tư bạc thỏi: Đánh giá toàn diện |  |  |","đầu tư (5)
kim loại (5)
thị trường (5)
giá bạc (5)
tư bạc (4)",Start with recent price trends before investment strategies | Include current price updates as supporting information,"H1: Đầu Tư Bạc Thỏi
H2: [MAIN] Đầu tư bạc thỏi là gì? Khái niệm và ý nghĩa trong bối cảnh tài chính
H3: Đầu tư bạc thỏi là gì?
H3: Đầu tư bạc thỏi cần được hiểu theo bối cảnh nào?
H2: [MAIN] Cách đầu tư bạc thỏi hiệu quả: Hướng dẫn chi tiết cho nhà đầu tư
H3: Có nên đầu tư vào bạc thỏi hay không?
H3: Cách bảo quản bạc thỏi an toàn
H3: Mua bạc thỏi ở đâu để đầu tư hiệu quả?
H2: [MAIN] Giá bạc thỏi hiện nay trên thị trường: Thông tin và phân tích
H2: [MAIN] đầu tư bạc thỏi duoc phan loai theo nhung nhom nao
H3: So sánh lợi ích bạc thỏi và các loại tài sản khác
H3: Phân loại: Bạc thỏi có thể được phân loại thành bạc nguyên chất và bạc hợp kim.
H2: [SUPP] Khi nào nên đầu tư bạc thỏi? Lời khuyên cho nhà đầu tư
H2: [SUPP] Những lợi ích và rủi ro trong đầu tư bạc thỏi: Đánh giá toàn diện
H3: So sánh lợi ích của bạc thỏi với các loại tài sản khác
H3: Ảnh hưởng của thị trường toàn cầu đến giá bạc thỏi
H3: Đầu tư bạc thỏi có rủi ro không?","Node: Thi quỹ hàng hóa nên bắt đầu với vốn bao nhiêu (vốn đầu tư cho thi quỹ hàng hóa)
Node: Cách đánh giá một chương trình thi quỹ hàng hóa (đánh giá chương trình thi quỹ hàng hóa)
Node: Giao dịch hàng hóa phái sinh trên app mobile là gì (giao dịch hàng hóa phái sinh trên app mobile)
Node: Điều kiện để tham gia thi quỹ hàng hóa (điều kiện tham gia thi quỹ hàng hóa)
Node: Chiến lược giao dịch hàng hóa phái sinh (chiến lược giao dịch hàng hóa phái sinh)","## 🎯 SOURCE CONTEXT ALIGNMENT CHECKLIST

✅ **Topical Scope**: SACT, Tư vấn đầu tư & môi giới giao dịch hàng hóa phái sinh (theo hệ sinh thái MXV), bao gồm tư vấn chiến lược giao dịch và giải pháp phòng hộ rủi ro giá cho nhà đầu tư và doanh nghiệp., Tư vấn đầu tư hàng hóa phái sinh (xây dựng chiến lược, hỗ trợ điểm vào, Tư vấn phòng hộ giá cho doanh nghiệp (hedging), Ủy thác đầu tư, quản lý tài khoản theo chiến lược (báo cáo định kỳ
✅ **Topical Border**: SACT, Tư vấn đầu tư & môi giới giao dịch hàng hóa phái sinh (theo hệ sinh thái MXV), bao gồm tư vấn chiến lược giao dịch và giải pháp phòng hộ rủi ro giá cho nhà đầu tư và doanh nghiệp.
✅ **Brand mention**: 'SACT' có xuất hiện trong brief
✅ **GEO Keywords**: Tìm thấy (giao dịch hàng hóa phái sinh Hà Nội,  mở tài khoản hàng hóa phái sinh Hoàng Mai,  giao dịch hàng hóa phái sinh Định Công)
✅ **Supplement Section**: Có [SUPP] heading
✅ **NAP Hotline**: Có tìm thấy hotline '024 7304 6968, 086 5450 045, (094) 543 5430.' trong brief
✅ **Competitor Brand Rule**: Không vi phạm

**Điểm Alignment: 4/4** (Tốt)","## 📊 KORAY QUALITY SCORE: **65/100** (Grade C)

| Tiêu chí | Điểm |
|----------|------|
| ❌ 1. Contextual Vector | 3/10 |
| ✅ 2. Contextual Hierarchy (H3) | 10/10 |
| ⚠️ 3. FS Blocks (≤40 từ) | 5/10 |
| ✅ 4. PAA Mapping | 10/10 |
| ✅ 5. Main/Supp Split | 10/10 |
| ❌ 6. EAV Coverage | 3/10 |
| ✅ 7. Source Context Alignment | 10/10 |
| ✅ 8. Internal Link Logic | 10/10 |
| ⚠️ 9. Sapo Quality | 7/10 |
| ✅ 10. Attribute Filtration (H2 count) | 10/10 |

### ❌ Các vấn đề phát hiện:
- ⚠️ Outline chỉ bám yếu preferred_flow (2/7 tín hiệu).
- ⚠️ Heading có topical alignment nhưng vẫn thiếu specificity rõ ràng.
- ⚠️ Chỉ 4/6 H2 có FS snippet đủ ngắn và có nghĩa.
- ⚠️ Có 1 FS snippet khá dài (> 40 từ). Cân nhắc rút gọn để tối ưu Featured Snippet.
- ⚠️ Consensus facts coverage yếu (0/1).
- Anchor reuse overload: 80% H3 anchor bi lap lai.
- Chi co 1 dong EAV da verify (can >=3).
- ⚠️ SAPO không chứa giá trị EAV cụ thể (%, VND, MPa, mm). Nên trích xuất key values từ EAV Table.","# FULL CONTENT BRIEF: Đầu Tư Bạc Thỏi | Hướng Dẫn Chi Tiết [2026]

*Seed keyword: đầu tư bạc thỏi*

## 1. Search Intent sâu thẳm của người dùng là gì
Người đọc cần hiểu rõ đầu tư bạc thỏi, các nhóm chính, cách hoạt động, lợi ích và rủi ro trước khi đi sâu vào các điều kiện hỗ trợ như chi phí, tiêu chí lựa chọn hoặc công cụ triển khai. Các nhu cầu phụ cần được giải quyết gồm: Nắm định nghĩa và phạm vi của thực thể trung tâm; Hiểu các hình thức hoặc nhóm chính trong chủ đề; Hiểu cách hoạt động và cơ chế áp dụng trong thực tế; Biết rủi ro, điều kiện tham gia và yếu tố cần chuẩn bị; Áp dụng thông tin đúng vào ngữ cảnh thực tế. Các điểm khiến người đọc chưa thể ra quyết định ngay gồm: Người đọc chưa rõ chủ đề chính khác gì với các khái niệm gần nghĩa; Người đọc chưa hình dung các nhóm chính và tình huống áp dụng thực tế; Người đọc chưa biết khi nào các điều kiện phụ mới thực sự quan trọng; Người đọc dễ nhầm chủ đề với khái niệm gần nghĩa. Luồng trả lời nên đi theo thứ tự: definition -> condition -> attribute -> classification -> decision -> risk -> faq.

## 2. Nhiệm vụ của bài viết
Bài viết phải hoàn thành user task chính là: Người đọc cần hiểu rõ đầu tư bạc thỏi, các nhóm chính, cách hoạt động, lợi ích và rủi ro trước khi đi sâu vào các điều kiện hỗ trợ như chi phí, tiêu chí lựa chọn hoặc công cụ triển khai. Thứ tự triển khai nên bám flow: definition -> condition -> attribute -> classification -> decision -> risk -> faq. Mỗi H2 cần tháo gỡ ít nhất một decision blocker thay vì lặp lại định nghĩa gốc.

## 3. Khóa Vector Ngữ Cảnh (Contextual Vector Lock)
Giữ trọng tâm bài viết ở thực thể [đầu tư bạc thỏi] trong ngữ cảnh [Tư vấn đầu tư & môi giới giao dịch hàng hóa phái sinh (theo hệ sinh thái MXV), bao gồm tư vấn chiến lược giao dịch và giải pháp phòng hộ rủi ro giá cho nhà đầu tư và doanh nghiệp.] và các fact đồng thuận cần giữ như đầu tư bạc thỏi thường cần được tách rõ theo nhóm hoặc cấu phần như Bạc thỏi có thể được phân loại thành bạc nguyên chất và bạc hợp kim.. . Tr
...(Xem full trong file MD)"
